date,last_date,season,week,home,away,p_home,first_p_home,mkt_p,first_mkt_p
2026-07-07,2026-09-09,2026,1,SEA,NE,65.0,66.9,61.4,63.7
2026-07-07,2026-09-10,2026,1,LA,SF,56.3,57.0,63.9,63.0
2026-07-07,2026-09-13,2026,1,CAR,CHI,40.7,42.7,12.6,42.9
2026-07-07,2026-09-13,2026,1,CIN,TB,55.1,57.0,87.4,63.4
2026-07-07,2026-09-13,2026,1,DET,NO,69.9,71.8,84.1,74.0
2026-07-07,2026-09-13,2026,1,HOU,BUF,54.8,56.8,49.0,48.9
2026-07-07,2026-09-13,2026,1,IND,BAL,44.3,46.1,16.5,37.2
2026-07-07,2026-09-13,2026,1,JAX,CLE,74.0,75.4,96.3,76.4
2026-07-07,2026-09-13,2026,1,PIT,ATL,60.5,62.3,60.7,59.4
2026-07-07,2026-09-13,2026,1,TEN,NYJ,54.6,56.4,38.4,57.2
2026-07-07,2026-09-13,2026,1,LAC,ARI,72.5,74.1,80.0,82.2
2026-07-07,2026-09-13,2026,1,LV,MIA,40.2,41.8,59.7,63.5
2026-07-07,2026-09-13,2026,1,MIN,GB,57.8,60.3,54.5,49.8
2026-07-07,2026-09-13,2026,1,PHI,WAS,66.3,69.6,70.0,65.5
2026-07-07,2026-09-13,2026,1,NYG,DAL,50.7,52.5,39.8,42.9
2026-07-07,2026-09-14,2026,1,KC,DEN,39.0,39.9,54.4,57.8
2026-08-18,2026-09-17,2026,2,BUF,DET,64.6,62.2,68.3,59.2
2026-08-21,2026-09-20,2026,2,ATL,CAR,60.9,59.5,18.5,53.3
2026-08-21,2026-09-20,2026,2,BAL,NO,72.4,68.6,80.2,75.2
2026-08-21,2026-09-20,2026,2,CHI,MIN,52.1,51.7,58.1,63.8
2026-08-21,2026-09-20,2026,2,HOU,CIN,67.0,71.3,64.6,55.9
2026-08-21,2026-09-20,2026,2,NE,PIT,65.6,68.5,86.7,68.1
2026-08-21,2026-09-20,2026,2,NYJ,GB,39.2,32.1,33.5,31.7
2026-08-21,2026-09-20,2026,2,TB,CLE,62.5,62.5,77.4,70.4
2026-08-21,2026-09-20,2026,2,TEN,PHI,24.2,28.0,15.6,34.2
2026-08-21,2026-09-20,2026,2,DEN,JAX,52.3,59.8,57.3,58.0
2026-08-21,2026-09-20,2026,2,LAC,LV,66.7,74.4,72.8,76.8
2026-08-21,2026-09-20,2026,2,ARI,SEA,23.4,20.5,34.9,19.5
2026-08-21,2026-09-20,2026,2,DAL,WAS,51.9,53.5,65.1,63.8
2026-08-21,2026-09-20,2026,2,SF,MIA,77.7,69.9,87.4,82.0
2026-08-21,2026-09-20,2026,2,KC,IND,66.5,57.3,70.4,72.3
2026-08-22,2026-09-21,2026,2,LA,NYG,72.5,78.6,72.7,76.9
2026-08-25,2026-09-24,2026,3,GB,ATL,68.5,62.4,68.7,74.6
2026-08-28,2026-09-27,2026,3,DAL,BAL,39.6,37.8,38.6,44.7
2026-08-28,2026-09-27,2026,3,TB,MIN,32.8,44.1,48.9,54.6
2026-08-28,2026-09-27,2026,3,SF,ARI,75.6,73.8,76.1,82.1
2026-08-28,2026-09-27,2026,3,WAS,SEA,20.7,26.6,49.0,37.5
2026-08-28,2026-09-27,2026,3,PIT,CIN,50.9,58.6,36.4,47.4
2026-08-28,2026-09-27,2026,3,NYG,TEN,68.7,63.5,91.0,60.6
2026-08-28,2026-09-27,2026,3,DET,NYJ,76.3,79.5,89.5,78.6
2026-08-28,2026-09-27,2026,3,JAX,NE,48.7,51.0,78.9,52.4
2026-08-28,2026-09-27,2026,3,IND,HOU,39.8,37.0,74.2,47.9
2026-08-28,2026-09-27,2026,3,NO,LV,60.9,66.6,62.6,63.0
2026-08-28,2026-09-27,2026,3,CLE,CAR,51.3,53.5,63.5,44.7
2026-08-28,2026-09-27,2026,3,BUF,LAC,79.7,67.3,61.1,60.0
2026-08-28,2026-09-27,2026,3,MIA,KC,36.6,50.2,17.0,23.5
2026-08-28,2026-09-27,2026,3,DEN,LA,55.7,56.0,46.3,41.0
2026-08-29,2026-09-28,2026,3,CHI,PHI,50.0,51.1,35.9,52.4
2026-09-01,2026-10-01,2026,4,CLE,PIT,44.2,42.8,42.6,42.6
2026-09-04,2026-10-03,2026,4,WAS,IND,49.9,49.1,35.0,49.9
2026-09-04,2026-10-04,2026,4,BAL,TEN,82.5,77.6,97.3,77.1
2026-09-04,2026-10-04,2026,4,BUF,NE,64.2,55.2,75.1,61.7
2026-09-04,2026-10-04,2026,4,CHI,NYJ,78.7,76.0,86.3,76.9
2026-09-04,2026-10-04,2026,4,CIN,JAX,43.8,41.8,25.0,57.1
2026-09-04,2026-10-04,2026,4,HOU,DAL,66.3,74.1,81.0,57.1
2026-09-04,2026-10-04,2026,4,NYG,ARI,59.5,59.7,64.3,72.2
2026-09-04,2026-10-04,2026,4,PHI,LA,50.1,47.3,55.5,44.1
2026-09-04,2026-10-04,2026,4,TB,GB,47.5,46.2,32.6,47.9
2026-09-04,2026-10-04,2026,4,MIN,MIA,81.3,67.9,81.6,76.0
2026-09-04,2026-10-04,2026,4,LV,KC,41.2,37.1,33.5,31.9
2026-09-04,2026-10-04,2026,4,SEA,LAC,82.6,73.8,74.7,60.8
2026-09-04,2026-10-04,2026,4,SF,DEN,56.6,47.2,59.4,57.2
2026-09-04,2026-10-04,2026,4,CAR,DET,39.6,37.9,35.7,40.0
2026-09-05,2026-10-05,2026,4,NO,ATL,50.9,48.6,52.2,55.1
2026-09-08,2026-10-06,2026,5,DAL,TB,63.3,51.6,78.3,63.4
2026-09-11,2026-10-06,2026,5,GB,CHI,42.3,53.7,42.6,61.0
2026-09-11,2026-10-06,2026,5,ARI,DET,36.4,32.6,32.2,23.6
2026-09-11,2026-10-06,2026,5,LAC,DEN,35.5,43.5,38.0,58.0
2026-09-11,2026-10-06,2026,5,WAS,NYG,48.7,58.9,62.6,56.0
2026-09-11,2026-10-06,2026,5,TEN,HOU,29.6,25.2,25.3,39.0
2026-09-11,2026-10-06,2026,5,MIA,CIN,37.9,51.7,24.1,30.0
2026-09-11,2026-10-06,2026,5,NYJ,CLE,39.7,44.5,54.3,55.6
2026-09-11,2026-10-06,2026,5,NO,MIN,26.6,38.2,45.7,49.4
2026-09-11,2026-10-06,2026,5,NE,LV,74.5,82.5,63.3,62.7
2026-09-11,2026-10-06,2026,5,JAX,PHI,67.5,56.7,73.8,46.8
2026-09-11,2026-10-06,2026,5,SEA,SF,60.4,65.3,58.7,62.2
2026-09-11,2026-10-06,2026,5,PIT,IND,61.1,62.8,56.6,54.7
2026-09-11,2026-10-06,2026,5,ATL,BAL,45.5,44.5,61.6,35.7
2026-09-12,2026-10-06,2026,5,LA,BUF,49.2,50.1,58.3,54.8
2026-09-15,2026-10-06,2026,6,DEN,SEA,41.3,39.4,45.5,
2026-09-18,2026-10-06,2026,6,PHI,CAR,59.8,72.1,54.0,
2026-09-18,2026-10-06,2026,6,KC,LAC,73.6,63.6,77.6,
2026-09-18,2026-10-06,2026,6,LA,ARI,76.6,70.8,83.7,
2026-09-18,2026-10-06,2026,6,TB,PIT,43.4,47.1,42.9,
2026-09-18,2026-10-06,2026,6,NYG,NO,62.5,56.8,48.1,
2026-09-18,2026-10-06,2026,6,LV,BUF,29.8,22.6,32.5,
2026-09-18,2026-10-06,2026,6,IND,TEN,74.2,68.2,72.0,
2026-09-18,2026-10-06,2026,6,CLE,BAL,42.5,34.5,42.2,
2026-09-18,2026-10-06,2026,6,ATL,CHI,42.5,40.9,46.4,
2026-09-18,2026-10-06,2026,6,JAX,HOU,63.6,50.3,59.6,
2026-09-18,2026-10-06,2026,6,NE,NYJ,79.8,77.0,73.7,
2026-09-18,2026-10-06,2026,6,GB,DAL,54.5,63.1,44.5,
2026-09-19,2026-10-06,2026,6,SF,WAS,81.0,73.1,77.1,
2026-09-22,2026-10-06,2026,7,CHI,NE,52.8,44.5,,
2026-09-25,2026-10-06,2026,7,DET,GB,63.4,66.4,,
2026-09-25,2026-10-06,2026,7,ARI,DEN,27.5,29.7,,
2026-09-25,2026-10-06,2026,7,TEN,CLE,33.9,39.7,,
2026-09-25,2026-10-06,2026,7,NYJ,MIA,48.0,46.8,,
2026-09-25,2026-10-06,2026,7,MIN,IND,76.3,78.4,,
2026-09-25,2026-10-06,2026,7,ATL,SF,35.2,34.4,,
2026-09-25,2026-10-06,2026,7,CAR,TB,60.8,55.8,,
2026-09-25,2026-10-06,2026,7,BAL,CIN,56.7,50.6,,
2026-09-25,2026-10-06,2026,7,NO,PIT,36.2,44.1,,
2026-09-25,2026-10-06,2026,7,LV,LA,34.3,32.1,,
2026-09-25,2026-10-06,2026,7,HOU,NYG,61.6,69.9,,
2026-09-25,2026-10-06,2026,7,SEA,KC,71.4,75.9,,
2026-09-26,2026-10-06,2026,7,PHI,DAL,61.1,67.7,,
2026-09-29,2026-10-06,2026,8,GB,CAR,57.7,59.4,,
2026-10-02,2026-10-06,2026,8,DEN,KC,56.5,60.6,,
2026-10-02,2026-10-06,2026,8,LA,LAC,71.9,69.3,,
2026-10-02,2026-10-06,2026,8,TB,ATL,44.9,50.8,,
2026-10-02,2026-10-06,2026,8,PIT,CLE,60.8,60.9,,
2026-10-02,2026-10-06,2026,8,NYJ,LV,43.7,43.8,,
2026-10-02,2026-10-06,2026,8,MIA,NE,27.8,30.7,,
2026-10-02,2026-10-06,2026,8,DET,MIN,42.7,46.8,,
2026-10-02,2026-10-06,2026,8,DAL,ARI,65.7,60.1,,
2026-10-02,2026-10-06,2026,8,CIN,TEN,79.4,80.4,,
2026-10-02,2026-10-06,2026,8,BUF,BAL,69.3,72.5,,
2026-10-02,2026-10-06,2026,8,JAX,IND,74.2,75.6,,
2026-10-02,2026-10-06,2026,8,WAS,PHI,44.3,46.1,,
2026-10-03,2026-10-06,2026,8,SEA,CHI,67.5,68.0,,
2026-10-06,2026-10-06,2026,9,BAL,JAX,45.7,45.7,,
